models,r2_score
LinearSVR,0.6320859145436428
LinearRegression,-1.4843686026771376e+20
VotingRegressor,-1.6492984474197787e+19
StackingRegressor,0.567188196826871
HistGradientBoostingRegressor,0.6754127808527521
BaggingRegressor,0.7971515159321508
AdaBoostRegressor,0.6062780696484518
ExtraTreesRegressor,0.9239792016966358
GradientBoostingRegressor,0.8748644340720713
DecisionTreeRegressor,0.9038895936714115
