models,r2_score
LinearSVR,0.7963877877042556
LinearRegression,-1.4843686026771376e+20
VotingRegressor,-1.6492984474197787e+19
StackingRegressor,0.567188196826871
HistGradientBoostingRegressor,0.6754127808527521
BaggingRegressor,0.9066717660241954
AdaBoostRegressor,0.3781472885297442
ExtraTreesRegressor,0.92466644981651
GradientBoostingRegressor,0.8719732946024958
DecisionTreeRegressor,0.8957986524525848
