models,r2_score
LinearSVR,0.7850604673312542
LinearRegression,-1.4843686026771376e+20
VotingRegressor,-1.6492984474197787e+19
StackingRegressor,0.567188196826871
HistGradientBoostingRegressor,0.6754127808527521
BaggingRegressor,0.8549685311088847
AdaBoostRegressor,0.6634709343282017
ExtraTreesRegressor,0.9259829818391718
GradientBoostingRegressor,0.8710601265191185
DecisionTreeRegressor,0.9194274950478024
